"","Means","Midian"
"Predator.mass",6.18277377770291,7.46737106691756
"Prey.mass",-0.777370412904151,0.398776119957368
"size of tatio",6.96014419060706,7.11597318007967
